28988|Abkhazia, A-Mobile (ge, +7)
28968|Abkhazia, A-Mobile (ge, +7)
28967|Abkhazia, Aquafon (ge, +7)
41288|Afghanistan, Afghan Telecom Corp. (AT) (af, +93)
41280|Afghanistan, Afghan Telecom Corp. (AT) (af, +93)
41201|Afghanistan, Afghan Wireless/AWCC (af, +93)
41240|Afghanistan, Areeba/MTN (af, +93)
41250|Afghanistan, Etisalat (af, +93)
41230|Afghanistan, Etisalat (af, +93)
41220|Afghanistan, Roshan/TDCA (af, +93)
41203|Afghanistan, WaselTelecom (WT) (af, +93)
27601|Albania, AMC/Cosmote (al, +355)
27603|Albania, Eagle Mobile (al, +355)
27604|Albania, PLUS Communication Sh.a (al, +355)
27602|Albania, Vodafone (al, +355)
60301|Algeria, ATM Mobils (dz, +213)
60302|Algeria, Orascom / DJEZZY (dz, +213)
60303|Algeria, Oreedo/Wataniya / Nedjma (dz, +213)
54411|American Samoa, Blue Sky Communications (as, +684)
21303|Andorra, Mobiland (ad, +376)
63104|Angola, MoviCel (ao, +244)
63102|Angola, Unitel (ao, +244)
365840|Anguilla, Cable and Wireless (ai, +1264)
365010|Anguilla, Digicell / Wireless Vent. Ltd (ai, +1264)
344030|Antigua and Barbuda, APUA PCS (ag, +1268)
344920|Antigua and Barbuda, C & W (ag, +1268)
344930|Antigua and Barbuda, DigiCel/Cing. Wireless (ag, +1268)
722310|Argentina Republic, Claro/ CTI/AMX (ar, +54)
722330|Argentina Republic, Claro/ CTI/AMX (ar, +54)
722320|Argentina Republic, Claro/ CTI/AMX (ar, +54)
722010|Argentina Republic, Compania De Radiocomunicaciones Moviles SA (ar, +54)
722070|Argentina Republic, Movistar/Telefonica (ar, +54)
722020|Argentina Republic, Nextel (ar, +54)
722340|Argentina Republic, Telecom Personal S.A. (ar, +54)
722341|Argentina Republic, Telecom Personal S.A. (ar, +54)
28301|Armenia, ArmenTel/Beeline (am, +374)
28304|Armenia, Karabakh Telecom (am, +374)
28310|Armenia, Orange (am, +374)
28305|Armenia, Vivacell (am, +374)
36320|Aruba, Digicel (aw, +297)
36302|Aruba, Digicel (aw, +297)
36301|Aruba, Setar GSM (aw, +297)
50514|Australia, AAPT Ltd. (au, +61)
50524|Australia, Advanced Comm Tech Pty. (au, +61)
50509|Australia, Airnet Commercial Australia Ltd.. (au, +61)
50504|Australia, Department of Defense (au, +61)
50526|Australia, Dialogue Communications Pty Ltd (au, +61)
50512|Australia, H3G Ltd. (au, +61)
50506|Australia, H3G Ltd. (au, +61)
50588|Australia, Localstar Holding Pty. Ltd (au, +61)
50519|Australia, Lycamobile Pty Ltd (au, +61)
50508|Australia, Railcorp/Vodafone (au, +61)
50599|Australia, Railcorp/Vodafone (au, +61)
50513|Australia, Railcorp/Vodafone (au, +61)
50590|Australia, Singtel Optus (au, +61)
50502|Australia, Singtel Optus (au, +61)
50571|Australia, Telstra Corp. Ltd. (au, +61)
50511|Australia, Telstra Corp. Ltd. (au, +61)
50572|Australia, Telstra Corp. Ltd. (au, +61)
50501|Australia, Telstra Corp. Ltd. (au, +61)
50505|Australia, The Ozitel Network Pty. (au, +61)
50516|Australia, Victorian Rail Track Corp. (VicTrack) (au, +61)
50507|Australia, Vodafone (au, +61)
50503|Australia, Vodafone (au, +61)
23202|Austria, A1 MobilKom (at, +43)
23201|Austria, A1 MobilKom (at, +43)
23211|Austria, A1 MobilKom (at, +43)
23209|Austria, A1 MobilKom (at, +43)
23215|Austria, T-Mobile/Telering (at, +43)
23210|Austria, H3G (at, +43)
23214|Austria, H3G (at, +43)
23205|Austria, 3/Orange/One Connect (at, +43)
23206|Austria, 3/Orange/One Connect (at, +43)
23212|Austria, 3/Orange/One Connect (at, +43)
23217|Austria, Spusu/Mass Response (at, +43)
23204|Austria, T-Mobile/Telering (at, +43)
23203|Austria, T-Mobile/Telering (at, +43)
23207|Austria, T-Mobile/Telering (at, +43)
23219|Austria, Tele2 (at, +43)
23208|Austria, A1 MobilKom (at, +43)
23213|Austria, UPC Austria (at, +43)
40001|Azerbaijan, Azercell Telekom B.M. (az, +994)
40004|Azerbaijan, Azerfon. (az, +994)
40003|Azerbaijan, Caspian American Telecommunications LLC (CATEL) (az, +994)
40002|Azerbaijan, J.V. Bakcell GSM 2000 (az, +994)
364390|Bahamas, Bahamas Telco. Comp. (bs, +1242)
36439|Bahamas, Bahamas Telco. Comp. (bs, +1242)
36430|Bahamas, Bahamas Telco. Comp. (bs, +1242)
36403|Bahamas, Smart Communications (bs, +1242)
42601|Bahrain, Batelco (bh, +973)
42602|Bahrain, ZAIN/Vodafone (bh, +973)
42604|Bahrain, VIVA (bh, +973)
47002|Bangladesh, Robi/Aktel (bd, +880)
47005|Bangladesh, Citycell (bd, +880)
47006|Bangladesh, Citycell (bd, +880)
47001|Bangladesh, GrameenPhone (bd, +880)
47003|Bangladesh, Orascom/Banglalink (bd, +880)
47004|Bangladesh, TeleTalk (bd, +880)
47007|Bangladesh, Airtel/Warid (bd, +880)
342600|Barbados, LIME (bb, +1246)
342810|Barbados, Cingular Wireless (bb, +1246)
342750|Barbados, Digicel (bb, +1246)
342050|Barbados, Digicel (bb, +1246)
342820|Barbados, Sunbeach (bb, +1246)
25703|Belarus, BelCel JV (by, +375)
25704|Belarus, BeST (by, +375)
25701|Belarus, Mobile Digital Communications (by, +375)
25702|Belarus, MTS (by, +375)
20620|Belgium, Base/KPN (be, +32)
20601|Belgium, Belgacom/Proximus (be, +32)
20606|Belgium, Lycamobile Belgium (be, +32)
20610|Belgium, Mobistar/Orange (be, +32)
20602|Belgium, SNCT/NMBS (be, +32)
20605|Belgium, Telenet BidCo NV (be, +32)
70267|Belize, DigiCell (bz, +501)
70268|Belize, International Telco (INTELCO) (bz, +501)
61604|Benin, Bell Benin/BBCOM (bj, +229)
61602|Benin, Etisalat/MOOV (bj, +229)
61605|Benin, GloMobile (bj, +229)
61601|Benin, Libercom (bj, +229)
61603|Benin, MTN/Spacetel (bj, +229)
350000|Bermuda, Bermuda Digital Communications Ltd (BDC) (bm, +1441)
35099|Bermuda, CellOne Ltd (bm, +1441)
35010|Bermuda, DigiCel / Cingular (bm, +1441)
35002|Bermuda, M3 Wireless Ltd (bm, +1441)
35001|Bermuda, Telecommunications (Bermuda & West Indies) Ltd (Digicel Bermuda) (bm, +1441)
40211|Bhutan, B-Mobile (bt, +975)
40217|Bhutan, Bhutan Telecom Ltd (BTL) (bt, +975)
40277|Bhutan, TashiCell (bt, +975)
73602|Bolivia, Entel Pcs (bo, +591)
73601|Bolivia, Viva/Nuevatel (bo, +591)
73603|Bolivia, Tigo (bo, +591)
21890|Bosnia & Herzegov., BH Mobile (ba, +387)
21803|Bosnia & Herzegov., Eronet Mobile (ba, +387)
21805|Bosnia & Herzegov., M-Tel (ba, +387)
65204|Botswana, BeMOBILE (bw, +267)
65201|Botswana, Mascom Wireless (Pty) Ltd. (bw, +267)
65202|Botswana, Orange (bw, +267)
72412|Brazil, Claro/Albra/America Movil (br, +55)
72438|Brazil, Claro/Albra/America Movil (br, +55)
72405|Brazil, Claro/Albra/America Movil (br, +55)
72401|Brazil, Vivo S.A./Telemig (br, +55)
72433|Brazil, CTBC Celular SA (CTBC) (br, +55)
72432|Brazil, CTBC Celular SA (CTBC) (br, +55)
72434|Brazil, CTBC Celular SA (CTBC) (br, +55)
72408|Brazil, TIM (br, +55)
72439|Brazil, Nextel (Telet) (br, +55)
72400|Brazil, Nextel (Telet) (br, +55)
72431|Brazil, Oi (TNL PCS / Oi) (br, +55)
72424|Brazil, Amazonia Celular S/A (br, +55)
72416|Brazil, Brazil Telcom (br, +55)
72430|Brazil, Oi (TNL PCS / Oi) (br, +55)
72454|Brazil, PORTO SEGURO TELECOMUNICACOES (br, +55)
72415|Brazil, Sercontel Cel (br, +55)
72407|Brazil, CTBC/Triangulo (br, +55)
72419|Brazil, Vivo S.A./Telemig (br, +55)
72403|Brazil, TIM (br, +55)
72402|Brazil, TIM (br, +55)
72404|Brazil, TIM (br, +55)
72437|Brazil, Unicel do Brasil Telecomunicacoes Ltda (br, +55)
72406|Brazil, Vivo S.A./Telemig (br, +55)
72423|Brazil, Vivo S.A./Telemig (br, +55)
72411|Brazil, Vivo S.A./Telemig (br, +55)
72410|Brazil, Vivo S.A./Telemig (br, +55)
348570|British Virgin Islands, Caribbean Cellular (vg, +284)
348770|British Virgin Islands, Digicel (vg, +284)
348170|British Virgin Islands, LIME (vg, +284)
52802|Brunei Darussalam, b-mobile (bn, +673)
52811|Brunei Darussalam, Datastream (DTSCom) (bn, +673)
52801|Brunei Darussalam, Telekom Brunei Bhd (TelBru) (bn, +673)
28406|Bulgaria, BTC Mobile EOOD (vivatel) (bg, +359)
28403|Bulgaria, BTC Mobile EOOD (vivatel) (bg, +359)
28405|Bulgaria, Telenor/Cosmo/Globul (bg, +359)
28401|Bulgaria, MobilTel AD (bg, +359)
61303|Burkina Faso, TeleCel (bf, +226)
61301|Burkina Faso, TeleMob-OnaTel (bf, +226)
61302|Burkina Faso, Airtel/ZAIN/CelTel (bf, +226)
64202|Burundi, Africel / Safaris (bi, +257)
64208|Burundi, Lumitel/Viettel (bi, +257)
64203|Burundi, Onatel / Telecel (bi, +257)
64207|Burundi, Smart Mobile / LACELL (bi, +257)
64282|Burundi, Spacetel / Econet / Leo (bi, +257)
64201|Burundi, Spacetel / Econet / Leo (bi, +257)
45604|Cambodia, Cambodia Advance Communications Co. Ltd (CADCOMMS) (kh, +855)
45602|Cambodia, Smart Mobile (kh, +855)
45608|Cambodia, Metfone (kh, +855)
45618|Cambodia, MFone/Camshin/Cellcard (kh, +855)
45601|Cambodia, Mobitel/Cam GSM (kh, +855)
45603|Cambodia, QB/Cambodia Adv. Comms. (kh, +855)
45606|Cambodia, Smart Mobile (kh, +855)
45605|Cambodia, Smart Mobile (kh, +855)
45609|Cambodia, Sotelco/Beeline (kh, +855)
62401|Cameroon, MTN (cm, +237)
62404|Cameroon, Nextel (cm, +237)
62402|Cameroon, Orange (cm, +237)
302652|Canada, BC Tel Mobility (ca, +1)
302630|Canada, Bell Aliant (ca, +1)
302651|Canada, Bell Mobility (ca, +1)
302610|Canada, Bell Mobility (ca, +1)
302670|Canada, CityWest Mobility (ca, +1)
302361|Canada, Clearnet (ca, +1)
302360|Canada, Clearnet (ca, +1)
302380|Canada, DMTS Mobility (ca, +1)
302710|Canada, Globalstar Canada (ca, +1)
302640|Canada, Latitude Wireless (ca, +1)
302370|Canada, FIDO (Rogers AT&T/ Microcell) (ca, +1)
302320|Canada, mobilicity (ca, +1)
302702|Canada, MT&T Mobility (ca, +1)
302655|Canada, MTS Mobility (ca, +1)
302660|Canada, MTS Mobility (ca, +1)
302701|Canada, NB Tel Mobility (ca, +1)
302703|Canada, New Tel Mobility (ca, +1)
302760|Canada, Public Mobile (ca, +1)
302657|Canada, Quebectel Mobility (ca, +1)
302720|Canada, Rogers AT&T Wireless (ca, +1)
302654|Canada, Sask Tel Mobility (ca, +1)
302780|Canada, Sask Tel Mobility (ca, +1)
302680|Canada, Sask Tel Mobility (ca, +1)
302656|Canada, Tbay Mobility (ca, +1)
302220|Canada, Telus Mobility (ca, +1)
302653|Canada, Telus Mobility (ca, +1)
302500|Canada, Videotron (ca, +1)
302490|Canada, WIND (ca, +1)
62501|Cape Verde, CV Movel (cv, +238)
62502|Cape Verde, T+ Telecom (cv, +238)
346050|Cayman Islands, Digicel Cayman Ltd (ky, +1345)
346006|Cayman Islands, Digicel Ltd. (ky, +1345)
346140|Cayman Islands, LIME / Cable & Wirel. (ky, +1345)
62301|Central African Rep., Centrafr. Telecom+ (cf, +236)
62304|Central African Rep., Nationlink (cf, +236)
62303|Central African Rep., Orange/Celca (cf, +236)
62302|Central African Rep., Telecel Centraf. (cf, +236)
62204|Chad, Salam/Sotel (td, +235)
62202|Chad, Tchad Mobile (td, +235)
62203|Chad, Tigo/Milicom/Tchad Mobile (td, +235)
62201|Chad, Airtel/ZAIN/Celtel (td, +235)
73006|Chile, Blue Two Chile SA (cl, +56)
73011|Chile, Celupago SA (cl, +56)
73015|Chile, Cibeles Telecom SA (cl, +56)
73003|Chile, Claro (cl, +56)
73010|Chile, Entel Telefonia (cl, +56)
73001|Chile, Entel Telefonia Mov (cl, +56)
73014|Chile, Netline Telefonica Movil Ltda (cl, +56)
73009|Chile, Nextel SA (cl, +56)
73005|Chile, Nextel SA (cl, +56)
73004|Chile, Nextel SA (cl, +56)
73019|Chile, Sociedad Falabella Movil SPA (cl, +56)
73002|Chile, TELEFONICA (cl, +56)
73007|Chile, TELEFONICA (cl, +56)
73012|Chile, Telestar Movil SA (cl, +56)
73000|Chile, TESAM SA (cl, +56)
73013|Chile, Tribe Mobile SPA (cl, +56)
73008|Chile, VTR Banda Ancha SA (cl, +56)
46007|China, China Mobile GSM (cn, +86)
46002|China, China Mobile GSM (cn, +86)
46000|China, China Mobile GSM (cn, +86)
46004|China, China Space Mobile Satellite Telecommunications Co. Ltd (China Spacecom) (cn, +86)
46005|China, China Telecom (cn, +86)
46003|China, China Telecom (cn, +86)
46006|China, China Unicom (cn, +86)
46001|China, China Unicom (cn, +86)
732130|Colombia, Avantel SAS (co, +57)
732102|Colombia, Movistar (co, +57)
732103|Colombia, TIGO/Colombia Movil (co, +57)
732001|Colombia, TIGO/Colombia Movil (co, +57)
732101|Colombia, Comcel S.A. Occel S.A./Celcaribe (co, +57)
732002|Colombia, Edatel S.A. (co, +57)
732187|Colombia, eTb (co, +57)
732123|Colombia, Movistar (co, +57)
732111|Colombia, TIGO/Colombia Movil (co, +57)
732142|Colombia, UNE EPM Telecomunicaciones SA ESP (co, +57)
732020|Colombia, UNE EPM Telecomunicaciones SA ESP (co, +57)
732154|Colombia, Virgin Mobile Colombia SAS (co, +57)
65401|Comoros, HURI - SNPT (km, +269)
63090|Congo, Dem. Rep., Africell (cd, +243)
63086|Congo, Dem. Rep., Orange RDC sarl (cd, +243)
63005|Congo, Dem. Rep., SuperCell (cd, +243)
63089|Congo, Dem. Rep., TIGO/Oasis (cd, +243)
63001|Congo, Dem. Rep., Vodacom (cd, +243)
63088|Congo, Dem. Rep., Yozma Timeturns sprl (YTT) (cd, +243)
63002|Congo, Dem. Rep., Airtel/ZAIN (cd, +243)
62901|Congo, Republic, Airtel SA (cg, +242)
62902|Congo, Republic, Azur SA (ETC) (cg, +242)
62910|Congo, Republic, MTN/Libertis (cg, +242)
62907|Congo, Republic, Warid (cg, +242)
54801|Cook Islands, Telecom Cook Islands (ck, +682)
71203|Costa Rica, Claro (cr, +506)
71202|Costa Rica, ICE (cr, +506)
71201|Costa Rica, ICE (cr, +506)
71204|Costa Rica, Movistar (cr, +506)
71220|Costa Rica, Virtualis (cr, +506)
21901|Croatia, T-Mobile/Cronet (hr, +385)
21902|Croatia, Tele2 (hr, +385)
21910|Croatia, VIPnet d.o.o. (hr, +385)
36801|Cuba, C-COM (cu, +53)
36295|Curacao, EOCG Wireless NV (cw, +599)
36269|Curacao, Polycom N.V./ Digicel (cw, +599)
28010|Cyprus, MTN/Areeba (cy, +357)
28020|Cyprus, PrimeTel PLC (cy, +357)
28001|Cyprus, Vodafone/CyTa (cy, +357)
23008|Czech Rep., Compatel s.r.o. (cz, +420)
23002|Czech Rep., O2 (cz, +420)
23001|Czech Rep., T-Mobile / RadioMobil (cz, +420)
23005|Czech Rep., Travel Telekommunikation s.r.o. (cz, +420)
23004|Czech Rep., Ufone (cz, +420)
23003|Czech Rep., Vodafone (cz, +420)
23099|Czech Rep., Vodafone (cz, +420)
23805|Denmark, ApS KBUS (dk, +45)
23823|Denmark, Banedanmark (dk, +45)
23828|Denmark, CoolTEL ApS (dk, +45)
23806|Denmark, H3G (dk, +45)
23812|Denmark, Lycamobile Ltd (dk, +45)
23803|Denmark, Mach Connectivity ApS (dk, +45)
23807|Denmark, Mundio Mobile (dk, +45)
23804|Denmark, NextGen Mobile Ltd (CardBoardFish) (dk, +45)
23810|Denmark, TDC Denmark (dk, +45)
23801|Denmark, TDC Denmark (dk, +45)
23802|Denmark, Telenor/Sonofon (dk, +45)
23877|Denmark, Telenor/Sonofon (dk, +45)
23820|Denmark, Telia (dk, +45)
23830|Denmark, Telia (dk, +45)
63801|Djibouti, Djibouti Telecom SA (Evatis) (dj, +253)
366110|Dominica, C & W (dm, +1767)
366020|Dominica, Cingular Wireless/Digicel (dm, +1767)
366050|Dominica, Wireless Ventures (Dominica) Ltd (Digicel Dominica) (dm, +1767)
37002|Dominican Republic, Claro (do, +1809)
37001|Dominican Republic, Orange (do, +1809)
37003|Dominican Republic, TRIcom (do, +1809)
37004|Dominican Republic, Trilogy Dominicana S. A. (do, +1809)
74002|Ecuador, Alegro/Telcsa (ec, +593)
74000|Ecuador, MOVISTAR/OteCel (ec, +593)
74001|Ecuador, Claro/Porta (ec, +593)
60201|Egypt, Orange/Mobinil (eg, +20)
60203|Egypt, ETISALAT (eg, +20)
60202|Egypt, Vodafone/Mirsfone (eg, +20)
70601|El Salvador, CLARO/CTE (sv, +503)
70602|El Salvador, Digicel (sv, +503)
70605|El Salvador, INTELFON SA de CV (sv, +503)
70604|El Salvador, Telefonica (sv, +503)
70603|El Salvador, Telemovil (sv, +503)
62703|Equatorial Guinea, HiTs-GE (gq, +240)
62701|Equatorial Guinea, ORANGE/GETESA (gq, +240)
65701|Eritrea, Eritel (er, +291)
24801|Estonia, EMT GSM (ee, +372)
24802|Estonia, Radiolinja Eesti (ee, +372)
24803|Estonia, Tele2 Eesti AS (ee, +372)
24804|Estonia, Top Connect OU (ee, +372)
63601|Ethiopia, ETH/MTN (et, +251)
750001|Falkland Islands (Malvinas), Cable and Wireless South Atlantic Ltd (Falkland Islands (fk, +500)
28803|Faroe Islands, Edge Mobile Sp/F (fo, +298)
28801|Faroe Islands, Faroese Telecom (fo, +298)
28802|Faroe Islands, Kall GSM (fo, +298)
54202|Fiji, DigiCell (fj, +679)
54201|Fiji, Vodafone (fj, +679)
24414|Finland, Alands (fi, +358)
24426|Finland, Compatel Ltd (fi, +358)
24403|Finland, DNA/Finnet (fi, +358)
24412|Finland, DNA/Finnet (fi, +358)
24404|Finland, DNA/Finnet (fi, +358)
24413|Finland, DNA/Finnet (fi, +358)
24421|Finland, Elisa/Saunalahti (fi, +358)
24405|Finland, Elisa/Saunalahti (fi, +358)
24482|Finland, ID-Mobile (fi, +358)
24411|Finland, Mundio Mobile (Finland) Ltd (fi, +358)
24409|Finland, Nokia Oyj (fi, +358)
24410|Finland, TDC Oy Finland (fi, +358)
24491|Finland, TeliaSonera (fi, +358)
20827|France, AFONE SA (fr, +33)
20892|France, Association Plate-forme Telecom (fr, +33)
20828|France, Astrium (fr, +33)
20888|France, Bouygues Telecom (fr, +33)
20821|France, Bouygues Telecom (fr, +33)
20820|France, Bouygues Telecom (fr, +33)
20814|France, Lliad/FREE Mobile (fr, +33)
20806|France, GlobalStar (fr, +33)
20805|France, GlobalStar (fr, +33)
20807|France, GlobalStar (fr, +33)
20829|France, Orange (fr, +33)
20817|France, Legos - Local Exchange Global Operation Services SA (fr, +33)
20816|France, Lliad/FREE Mobile (fr, +33)
20815|France, Lliad/FREE Mobile (fr, +33)
20825|France, Lycamobile SARL (fr, +33)
20824|France, MobiquiThings (fr, +33)
20803|France, MobiquiThings (fr, +33)
20831|France, Mundio Mobile (France) Ltd (fr, +33)
20826|France, NRJ (fr, +33)
20889|France, Virgin Mobile/Omer (fr, +33)
20823|France, Virgin Mobile/Omer (fr, +33)
20891|France, Orange (fr, +33)
20802|France, Orange (fr, +33)
20801|France, Orange (fr, +33)
20813|France, S.F.R. (fr, +33)
20811|France, S.F.R. (fr, +33)
20810|France, S.F.R. (fr, +33)
20809|France, S.F.R. (fr, +33)
20804|France, SISTEER (fr, +33)
20800|France, Tel/Tel (fr, +33)
20822|France, Transatel SA (fr, +33)
34020|French Guiana, Bouygues/DigiCel (fg, +594)
34001|French Guiana, Orange Caribe (fg, +594)
34002|French Guiana, Outremer Telecom (fg, +594)
34003|French Guiana, TelCell GSM (fg, +594)
34011|French Guiana, TelCell GSM (fg, +594)
54715|French Polynesia, Pacific Mobile Telecom (PMT) (pf, +689)
54720|French Polynesia, Vini/Tikiphone (pf, +689)
62804|Gabon, Azur/Usan S.A. (ga, +241)
62801|Gabon, Libertis S.A. (ga, +241)
62802|Gabon, MOOV/Telecel (ga, +241)
62803|Gabon, Airtel/ZAIN/Celtel Gabon S.A. (ga, +241)
60702|Gambia, Africel (gm, +220)
60703|Gambia, Comium (gm, +220)
60701|Gambia, Gamcel (gm, +220)
60704|Gambia, Q-Cell (gm, +220)
28201|Georgia, Geocell Ltd. (ge, +995)
28203|Georgia, Iberiatel Ltd. (ge, +995)
28202|Georgia, Magti GSM Ltd. (ge, +995)
28204|Georgia, MobiTel/Beeline (ge, +995)
28205|Georgia, Silknet (ge, +995)
26217|Germany, E-Plus (de, +49)
26210|Germany, DB Netz AG (de, +49)
262n/a|Germany, Debitel (de, +49)
26205|Germany, E-Plus (de, +49)
26277|Germany, E-Plus (de, +49)
26203|Germany, E-Plus (de, +49)
26220|Germany, E-Plus (de, +49)
26212|Germany, E-Plus (de, +49)
26214|Germany, Group 3G UMTS (de, +49)
26243|Germany, Lycamobile (de, +49)
26213|Germany, Mobilcom (de, +49)
26208|Germany, O2 (de, +49)
26211|Germany, O2 (de, +49)
26207|Germany, O2 (de, +49)
262n/a|Germany, Talkline (de, +49)
26206|Germany, T-mobile/Telekom (de, +49)
26201|Germany, T-mobile/Telekom (de, +49)
26216|Germany, Telogic/ViStream (de, +49)
26204|Germany, Vodafone D2 (de, +49)
26202|Germany, Vodafone D2 (de, +49)
26242|Germany, Vodafone D2 (de, +49)
26209|Germany, Vodafone D2 (de, +49)
62004|Ghana, Expresso Ghana Ltd (gh, +233)
62007|Ghana, GloMobile (gh, +233)
62003|Ghana, Milicom/Tigo (gh, +233)
62001|Ghana, MTN (gh, +233)
62002|Ghana, Vodafone (gh, +233)
62006|Ghana, Airtel/ZAIN (gh, +233)
26606|Gibraltar, CTS Mobile (gi, +350)
26609|Gibraltar, eazi telecom (gi, +350)
26601|Gibraltar, Gibtel GSM (gi, +350)
20207|Greece, AMD Telecom SA (gr, +30)
20202|Greece, Cosmote (gr, +30)
20201|Greece, Cosmote (gr, +30)
20214|Greece, CyTa Mobile (gr, +30)
20204|Greece, Organismos Sidirodromon Ellados (OSE) (gr, +30)
20203|Greece, OTE Hellenic Telecommunications Organization SA (gr, +30)
20210|Greece, Tim/Wind (gr, +30)
20209|Greece, Tim/Wind (gr, +30)
20205|Greece, Vodafone (gr, +30)
29001|Greenland, Tele Greenland (gl, +299)
352110|Grenada, Cable & Wireless (gd, +1473)
352030|Grenada, Digicel (gd, +1473)
352050|Grenada, Digicel (gd, +1473)
34008|Guadeloupe, Dauphin Telecom SU (Guadeloupe Telecom) (gp, +590)
34010|Guadeloupe,  (gp, +590)
310370|Guam, Docomo (gu, +1671)
310470|Guam, Docomo (gu, +1671)
310140|Guam, GTA Wireless (gu, +1671)
310033|Guam, Guam Teleph. Auth. (gu, +1671)
310032|Guam, IT&E OverSeas (gu, +1671)
311250|Guam, Wave Runner LLC (gu, +1671)
70401|Guatemala, Claro (gt, +502)
70403|Guatemala, Telefonica (gt, +502)
70402|Guatemala, TIGO/COMCEL (gt, +502)
61104|Guinea, MTN/Areeba (gn, +224)
61105|Guinea, Celcom (gn, +224)
61103|Guinea, Intercel (gn, +224)
61101|Guinea, Orange/Sonatel/Spacetel (gn, +224)
61102|Guinea, SotelGui (gn, +224)
63201|Guinea-Bissau, GuineTel (gw, +245)
63203|Guinea-Bissau, Orange (gw, +245)
63202|Guinea-Bissau, SpaceTel (gw, +245)
73802|Guyana, Cellink Plus (gy, +592)
73801|Guyana, DigiCel (gy, +592)
37201|Haiti, Comcel (ht, +509)
37202|Haiti, Digicel (ht, +509)
37203|Haiti, National Telecom SA (NatCom) (ht, +509)
708040|Honduras, Digicel (hn, +504)
708030|Honduras, HonduTel (hn, +504)
708001|Honduras, SERCOM/CLARO (hn, +504)
708002|Honduras, Telefonica/CELTEL (hn, +504)
45412|Hongkong, China, China Mobile/Peoples (hk, +852)
45428|Hongkong, China, China Mobile/Peoples (hk, +852)
45413|Hongkong, China, China Mobile/Peoples (hk, +852)
45409|Hongkong, China, China Motion (hk, +852)
45407|Hongkong, China, China Unicom Ltd (hk, +852)
45411|Hongkong, China, China-HongKong Telecom Ltd (CHKTL) (hk, +852)
45401|Hongkong, China, Citic Telecom Ltd. (hk, +852)
45402|Hongkong, China, CSL Ltd. (hk, +852)
45400|Hongkong, China, CSL Ltd. (hk, +852)
45418|Hongkong, China, CSL Ltd. (hk, +852)
45410|Hongkong, China, CSL/New World PCS Ltd. (hk, +852)
45404|Hongkong, China, H3G/Hutchinson (hk, +852)
45403|Hongkong, China, H3G/Hutchinson (hk, +852)
45414|Hongkong, China, H3G/Hutchinson (hk, +852)
45405|Hongkong, China, H3G/Hutchinson (hk, +852)
45420|Hongkong, China, HKT/PCCW (hk, +852)
45429|Hongkong, China, HKT/PCCW (hk, +852)
45416|Hongkong, China, HKT/PCCW (hk, +852)
45419|Hongkong, China, HKT/PCCW (hk, +852)
45447|Hongkong, China, shared by private TETRA systems (hk, +852)
45440|Hongkong, China, shared by private TETRA systems (hk, +852)
45408|Hongkong, China, Truephone (hk, +852)
45417|Hongkong, China, Vodafone/SmarTone (hk, +852)
45415|Hongkong, China, Vodafone/SmarTone (hk, +852)
45406|Hongkong, China, Vodafone/SmarTone (hk, +852)
21601|Hungary, Pannon/Telenor (hu, +36)
21630|Hungary, T-mobile/Magyar (hu, +36)
21671|Hungary, UPC Magyarorszag Kft. (hu, +36)
21670|Hungary, Vodafone (hu, +36)
27409|Iceland, Amitelo (is, +354)
27407|Iceland, IceCell (is, +354)
27408|Iceland, Siminn (is, +354)
27401|Iceland, Siminn (is, +354)
27411|Iceland, NOVA (is, +354)
27404|Iceland, VIKING/IMC (is, +354)
27402|Iceland, Vodafone/Tal hf (is, +354)
27405|Iceland, Vodafone/Tal hf (is, +354)
27403|Iceland, Vodafone/Tal hf (is, +354)
40417|India, Aircel (in, +91)
40442|India, Aircel (in, +91)
40433|India, Aircel (in, +91)
40429|India, Aircel (in, +91)
40428|India, Aircel (in, +91)
40425|India, Aircel (in, +91)
40401|India, Aircel Digilink India (in, +91)
40415|India, Aircel Digilink India (in, +91)
40460|India, Aircel Digilink India (in, +91)
40553|India, AirTel (in, +91)
40486|India, Barakhamba Sales & Serv. (in, +91)
40413|India, Barakhamba Sales & Serv. (in, +91)
40458|India, BSNL (in, +91)
40481|India, BSNL (in, +91)
40474|India, BSNL (in, +91)
40438|India, BSNL (in, +91)
40457|India, BSNL (in, +91)
40480|India, BSNL (in, +91)
40473|India, BSNL (in, +91)
40434|India, BSNL (in, +91)
40466|India, BSNL (in, +91)
40455|India, BSNL (in, +91)
40472|India, BSNL (in, +91)
40477|India, BSNL (in, +91)
40464|India, BSNL (in, +91)
40454|India, BSNL (in, +91)
40471|India, BSNL (in, +91)
40476|India, BSNL (in, +91)
40462|India, BSNL (in, +91)
40453|India, BSNL (in, +91)
40459|India, BSNL (in, +91)
40475|India, BSNL (in, +91)
40451|India, BSNL (in, +91)
40410|India, Bharti Airtel Limited (Delhi) (in, +91)
404045|India, Bharti Airtel Limited (Karnataka) (India) (in, +91)
40479|India, CellOne A&N (in, +91)
40489|India, Escorts Telecom Ltd. (in, +91)
40488|India, Escorts Telecom Ltd. (in, +91)
40487|India, Escorts Telecom Ltd. (in, +91)
40482|India, Escorts Telecom Ltd. (in, +91)
40412|India, Escotel Mobile Communications (in, +91)
40419|India, Escotel Mobile Communications (in, +91)
40456|India, Escotel Mobile Communications (in, +91)
40505|India, Fascel Limited (in, +91)
40405|India, Fascel (in, +91)
40470|India, Hexacom India (in, +91)
40416|India, Hexcom India (in, +91)
40407|India, Idea Cellular Ltd. (in, +91)
40404|India, Idea Cellular Ltd. (in, +91)
40424|India, Idea Cellular Ltd. (in, +91)
40422|India, Idea Cellular Ltd. (in, +91)
40478|India, Idea Cellular Ltd. (in, +91)
40469|India, Mahanagar Telephone Nigam (in, +91)
40468|India, Mahanagar Telephone Nigam (in, +91)
40483|India, Reliable Internet Services (in, +91)
40418|India, Reliance Telecom Private (in, +91)
40485|India, Reliance Telecom Private (in, +91)
40409|India, Reliance Telecom Private (in, +91)
40436|India, Reliance Telecom Private (in, +91)
40452|India, Reliance Telecom Private (in, +91)
40450|India, Reliance Telecom Private (in, +91)
40467|India, Reliance Telecom Private (in, +91)
40441|India, RPG Cellular (in, +91)
40414|India, Spice (in, +91)
40444|India, Spice (in, +91)
40411|India, Sterling Cellular Ltd. (in, +91)
405034|India, TATA / Karnataka (in, +91)
40430|India, Usha Martin Telecom (in, +91)
51008|Indonesia, Axis/Natrindo (id, +62)
51099|Indonesia, Esia (PT Bakrie Telecom) (CDMA) (id, +62)
51007|Indonesia, Flexi (PT Telkom) (CDMA) (id, +62)
51089|Indonesia, H3G CP (id, +62)
51021|Indonesia, Indosat/Satelindo/M3 (id, +62)
51001|Indonesia, Indosat/Satelindo/M3 (id, +62)
51000|Indonesia, PT Pasifik Satelit Nusantara (PSN) (id, +62)
51027|Indonesia, PT Sampoerna Telekomunikasi Indonesia (STI) (id, +62)
51009|Indonesia, PT Smartfren Telecom Tbk (id, +62)
51028|Indonesia, PT Smartfren Telecom Tbk (id, +62)
51011|Indonesia, PT. Excelcom (id, +62)
51010|Indonesia, Telkomsel (id, +62)
90113|International Networks, Antarctica (n/a, +882)
43219|Iran, Mobile Telecommunications Company of Esfahan JV-PJS (MTCE) (ir, +98)
43270|Iran, MTCE (ir, +98)
43235|Iran, MTN/IranCell (ir, +98)
43220|Iran, Rightel (ir, +98)
43232|Iran, Taliya (ir, +98)
43211|Iran, MCI/TCI (ir, +98)
43214|Iran, TKC/KFZO (ir, +98)
41805|Iraq, Asia Cell (iq, +964)
41892|Iraq, Itisaluna and Kalemat (iq, +964)
41840|Iraq, Korek (iq, +964)
41882|Iraq, Korek (iq, +964)
41845|Iraq, Mobitel (Iraq-Kurdistan) and Moutiny (iq, +964)
41830|Iraq, Orascom Telecom (iq, +964)
41820|Iraq, ZAIN/Atheer/Orascom (iq, +964)
41808|Iraq, Sanatel (iq, +964)
27204|Ireland, Access Telecom Ltd. (ie, +353)
27209|Ireland, Clever Communications Ltd (ie, +353)
27207|Ireland, eircom Ltd (ie, +353)
27205|Ireland, Three/H3G (ie, +353)
27211|Ireland, Tesco Mobile/Liffey Telecom (ie, +353)
27213|Ireland, Lycamobile (ie, +353)
27203|Ireland, Meteor Mobile Ltd. (ie, +353)
27202|Ireland, Three/O2/Digifone (ie, +353)
27201|Ireland, Vodafone Eircell (ie, +353)
42514|Israel, Alon Cellular Ltd (il, +972)
42502|Israel, Cellcom ltd. (il, +972)
42508|Israel, Golan Telekom (il, +972)
42515|Israel, Home Cellular Ltd (il, +972)
42577|Israel, Hot Mobile/Mirs (il, +972)
42507|Israel, Hot Mobile/Mirs (il, +972)
42501|Israel, Orange/Partner Co. Ltd. (il, +972)
42503|Israel, Pelephone (il, +972)
42512|Israel, Pelephone (il, +972)
42516|Israel, Rami Levy Hashikma Marketing Communications Ltd (il, +972)
42519|Israel, Telzar/AZI (il, +972)
22234|Italy, BT Italia SpA (it, +39)
22202|Italy, Elsacom (it, +39)
22208|Italy, Fastweb SpA (it, +39)
22200|Italy, Fix Line (it, +39)
22299|Italy, Hi3G (it, +39)
22277|Italy, IPSE 2000 (it, +39)
22235|Italy, Lycamobile Srl (it, +39)
22207|Italy, Noverca Italia Srl (it, +39)
22233|Italy, PosteMobile SpA (it, +39)
22200|Italy, Premium Number(s) (it, +39)
22230|Italy, RFI Rete Ferroviaria Italiana SpA (it, +39)
22248|Italy, Telecom Italia Mobile SpA (it, +39)
22243|Italy, Telecom Italia Mobile SpA (it, +39)
22201|Italy, TIM (it, +39)
22210|Italy, Vodafone (it, +39)
22206|Italy, Vodafone (it, +39)
22200|Italy, VOIP Line (it, +39)
22244|Italy, WIND (Blu) - (it, +39)
22288|Italy, WIND (Blu) - (it, +39)
61207|Ivory Coast, Aircomm SA (ci, +225)
61202|Ivory Coast, Atlantik Tel./Moov (ci, +225)
61204|Ivory Coast, Comium (ci, +225)
61201|Ivory Coast, Comstar (ci, +225)
61205|Ivory Coast, MTN (ci, +225)
61203|Ivory Coast, Orange (ci, +225)
61206|Ivory Coast, OriCell (ci, +225)
338020|Jamaica, Cable & Wireless (jm, +1876)
338110|Jamaica, Cable & Wireless (jm, +1876)
338180|Jamaica, Cable & Wireless (jm, +1876)
338050|Jamaica, DIGICEL/Mossel (jm, +1876)
44000|Japan, Y-Mobile (jp, +81)
44055|Japan, KDDI Corporation (jp, +81)
44050|Japan, KDDI Corporation (jp, +81)
44088|Japan, KDDI Corporation (jp, +81)
44074|Japan, KDDI Corporation (jp, +81)
44070|Japan, KDDI Corporation (jp, +81)
44051|Japan, KDDI Corporation (jp, +81)
44089|Japan, KDDI Corporation (jp, +81)
44075|Japan, KDDI Corporation (jp, +81)
44056|Japan, KDDI Corporation (jp, +81)
44052|Japan, KDDI Corporation (jp, +81)
44170|Japan, KDDI Corporation (jp, +81)
44076|Japan, KDDI Corporation (jp, +81)
44071|Japan, KDDI Corporation (jp, +81)
44053|Japan, KDDI Corporation (jp, +81)
44008|Japan, KDDI Corporation (jp, +81)
44077|Japan, KDDI Corporation (jp, +81)
44072|Japan, KDDI Corporation (jp, +81)
44054|Japan, KDDI Corporation (jp, +81)
44007|Japan, KDDI Corporation (jp, +81)
44079|Japan, KDDI Corporation (jp, +81)
44073|Japan, KDDI Corporation (jp, +81)
44032|Japan, NTT Docomo (jp, +81)
44061|Japan, NTT Docomo (jp, +81)
44018|Japan, NTT Docomo (jp, +81)
44191|Japan, NTT Docomo (jp, +81)
44193|Japan, NTT Docomo (jp, +81)
44140|Japan, NTT Docomo (jp, +81)
44066|Japan, NTT Docomo (jp, +81)
44035|Japan, NTT Docomo (jp, +81)
44029|Japan, NTT Docomo (jp, +81)
44009|Japan, NTT Docomo (jp, +81)
44049|Japan, NTT Docomo (jp, +81)
44033|Japan, NTT Docomo (jp, +81)
44060|Japan, NTT Docomo (jp, +81)
44019|Japan, NTT Docomo (jp, +81)
44190|Japan, NTT Docomo (jp, +81)
44141|Japan, NTT Docomo (jp, +81)
44067|Japan, NTT Docomo (jp, +81)
44014|Japan, NTT Docomo (jp, +81)
44194|Japan, NTT Docomo (jp, +81)
44030|Japan, NTT Docomo (jp, +81)
44010|Japan, NTT Docomo (jp, +81)
44062|Japan, NTT Docomo (jp, +81)
44039|Japan, NTT Docomo (jp, +81)
44024|Japan, NTT Docomo (jp, +81)
44145|Japan, NTT Docomo (jp, +81)
44142|Japan, NTT Docomo (jp, +81)
44068|Japan, NTT Docomo (jp, +81)
44015|Japan, NTT Docomo (jp, +81)
44198|Japan, NTT Docomo (jp, +81)
44026|Japan, NTT Docomo (jp, +81)
44011|Japan, NTT Docomo (jp, +81)
44063|Japan, NTT Docomo (jp, +81)
44038|Japan, NTT Docomo (jp, +81)
44013|Japan, NTT Docomo (jp, +81)
44023|Japan, NTT Docomo (jp, +81)
44021|Japan, NTT Docomo (jp, +81)
44001|Japan, NTT Docomo (jp, +81)
44144|Japan, NTT Docomo (jp, +81)
44034|Japan, NTT Docomo (jp, +81)
44069|Japan, NTT Docomo (jp, +81)
44016|Japan, NTT Docomo (jp, +81)
44199|Japan, NTT Docomo (jp, +81)
44025|Japan, NTT Docomo (jp, +81)
44064|Japan, NTT Docomo (jp, +81)
44037|Japan, NTT Docomo (jp, +81)
44027|Japan, NTT Docomo (jp, +81)
44002|Japan, NTT Docomo (jp, +81)
44022|Japan, NTT Docomo (jp, +81)
44143|Japan, NTT Docomo (jp, +81)
44031|Japan, NTT Docomo (jp, +81)
44087|Japan, NTT Docomo (jp, +81)
44017|Japan, NTT Docomo (jp, +81)
44192|Japan, NTT Docomo (jp, +81)
44065|Japan, NTT Docomo (jp, +81)
44036|Japan, NTT Docomo (jp, +81)
44028|Japan, NTT Docomo (jp, +81)
44003|Japan, NTT Docomo (jp, +81)
44012|Japan, NTT Docomo (jp, +81)
44058|Japan, NTT Docomo (jp, +81)
44099|Japan, NTT Docomo (jp, +81)
44078|Japan, Okinawa Cellular Telephone (jp, +81)
44043|Japan, SoftBank Mobile Corp (jp, +81)
44093|Japan, SoftBank Mobile Corp (jp, +81)
44048|Japan, SoftBank Mobile Corp (jp, +81)
44006|Japan, SoftBank Mobile Corp (jp, +81)
44161|Japan, SoftBank Mobile Corp (jp, +81)
44044|Japan, SoftBank Mobile Corp (jp, +81)
44094|Japan, SoftBank Mobile Corp (jp, +81)
44004|Japan, SoftBank Mobile Corp (jp, +81)
44162|Japan, SoftBank Mobile Corp (jp, +81)
44045|Japan, SoftBank Mobile Corp (jp, +81)
44020|Japan, SoftBank Mobile Corp (jp, +81)
44096|Japan, SoftBank Mobile Corp (jp, +81)
44040|Japan, SoftBank Mobile Corp (jp, +81)
44163|Japan, SoftBank Mobile Corp (jp, +81)
44047|Japan, SoftBank Mobile Corp (jp, +81)
44095|Japan, SoftBank Mobile Corp (jp, +81)
44041|Japan, SoftBank Mobile Corp (jp, +81)
44164|Japan, SoftBank Mobile Corp (jp, +81)
44046|Japan, SoftBank Mobile Corp (jp, +81)
44097|Japan, SoftBank Mobile Corp (jp, +81)
44042|Japan, SoftBank Mobile Corp (jp, +81)
44090|Japan, SoftBank Mobile Corp (jp, +81)
44165|Japan, SoftBank Mobile Corp (jp, +81)
44092|Japan, SoftBank Mobile Corp (jp, +81)
44098|Japan, SoftBank Mobile Corp (jp, +81)
44085|Japan, KDDI Corporation (jp, +81)
44083|Japan, KDDI Corporation (jp, +81)
44080|Japan, KDDI Corporation (jp, +81)
44086|Japan, KDDI Corporation (jp, +81)
44081|Japan, KDDI Corporation (jp, +81)
44084|Japan, KDDI Corporation (jp, +81)
44082|Japan, KDDI Corporation (jp, +81)
41677|Jordan, Orange/Petra (jo, +962)
41603|Jordan, Umniah Mobile Co. (jo, +962)
41602|Jordan, Xpress (jo, +962)
41601|Jordan, ZAIN /J.M.T.S (jo, +962)
40101|Kazakhstan, Beeline/KaR-Tel LLP (kz, +7)
40107|Kazakhstan, Dalacom/Altel (kz, +7)
40102|Kazakhstan, K-Cell (kz, +7)
40177|Kazakhstan, Tele2/NEO/MTS (kz, +7)
63905|Kenya, Econet Wireless (ke, +254)
63907|Kenya, Orange (ke, +254)
63902|Kenya, Safaricom Ltd. (ke, +254)
63903|Kenya, Airtel/Zain/Celtel Ltd. (ke, +254)
54509|Kiribati, Kiribati Frigate (ki, +686)
467193|Korea N., Dem. People's Rep., Sun Net (kp, +850)
45002|Korea S, Republic of, KT Freetel Co. Ltd. (kr, +82)
45004|Korea S, Republic of, KT Freetel Co. Ltd. (kr, +82)
45008|Korea S, Republic of, KT Freetel Co. Ltd. (kr, +82)
45006|Korea S, Republic of, LG Telecom (kr, +82)
45003|Korea S, Republic of, SK Telecom (kr, +82)
45005|Korea S, Republic of, SK Telecom Co. Ltd (kr, +82)
41904|Kuwait, Viva (kw, +965)
41903|Kuwait, Wataniya (kw, +965)
41902|Kuwait, Zain (kw, +965)
43703|Kyrgyzstan, AkTel LLC (kg, +996)
43701|Kyrgyzstan, Beeline/Bitel (kg, +996)
43705|Kyrgyzstan, MEGACOM (kg, +996)
43709|Kyrgyzstan, O!/NUR Telecom (kg, +996)
45702|Laos P.D.R., ETL Mobile (la, +856)
45701|Laos P.D.R., Lao Tel (la, +856)
45708|Laos P.D.R., Beeline/Tigo/Millicom (la, +856)
45703|Laos P.D.R., UNITEL/LAT (la, +856)
24705|Latvia, Bite (lv, +371)
24701|Latvia, Latvian Mobile Phone (lv, +371)
24709|Latvia, SIA Camel Mobile (lv, +371)
24708|Latvia, SIA IZZI (lv, +371)
24707|Latvia, SIA Master Telecom (lv, +371)
24706|Latvia, SIA Rigatta (lv, +371)
24702|Latvia, Tele2 (lv, +371)
24703|Latvia, TRIATEL/Telekom Baltija (lv, +371)
41535|Lebanon, Cellis (lb, +961)
41533|Lebanon, Cellis (lb, +961)
41532|Lebanon, Cellis (lb, +961)
41534|Lebanon, FTML Cellis (lb, +961)
41539|Lebanon, MIC2/LibanCell/MTC (lb, +961)
41538|Lebanon, MIC2/LibanCell/MTC (lb, +961)
41537|Lebanon, MIC2/LibanCell/MTC (lb, +961)
41501|Lebanon, MIC1 (Alfa) (lb, +961)
41503|Lebanon, MIC2/LibanCell/MTC (lb, +961)
41536|Lebanon, MIC2/LibanCell/MTC (lb, +961)
65102|Lesotho, Econet/Ezi-cel (ls, +266)
65101|Lesotho, Vodacom Lesotho (ls, +266)
61807|Liberia, CELLCOM (lr, +231)
61804|Liberia, Comium BVI (lr, +231)
61802|Liberia, Libercell (lr, +231)
61820|Liberia, LibTelco (lr, +231)
61801|Liberia, Lonestar (lr, +231)
60602|Libya, Al-Madar (ly, +218)
60601|Libya, Al-Madar (ly, +218)
60606|Libya, Hatef (ly, +218)
60600|Libya, Libyana (ly, +218)
60603|Libya, Libyana (ly, +218)
29506|Liechtenstein, CUBIC (Liechtenstein (li, +423)
29507|Liechtenstein, First Mobile AG (li, +423)
29502|Liechtenstein, Orange (li, +423)
29501|Liechtenstein, Swisscom FL AG (li, +423)
29577|Liechtenstein, Alpmobile/Tele2 (li, +423)
29505|Liechtenstein, Telecom FL1 AG (li, +423)
24602|Lithuania, Bite (lt, +370)
24601|Lithuania, Omnitel (lt, +370)
24603|Lithuania, Tele2 (lt, +370)
27077|Luxembourg, Millicom Tango GSM (lu, +352)
27001|Luxembourg, P+T/Post LUXGSM (lu, +352)
27099|Luxembourg, Orange/VOXmobile S.A. (lu, +352)
45504|Macao, China, C.T.M. TELEMOVEL+ (mo, +853)
45501|Macao, China, C.T.M. TELEMOVEL+ (mo, +853)
45502|Macao, China, China Telecom (mo, +853)
45505|Macao, China, Hutchison Telephone Co. Ltd (mo, +853)
45503|Macao, China, Hutchison Telephone Co. Ltd (mo, +853)
45506|Macao, China, Smartone Mobile (mo, +853)
45500|Macao, China, Smartone Mobile (mo, +853)
29475|Macedonia, ONE/Cosmofone (mk, +389)
29402|Macedonia, ONE/Cosmofone (mk, +389)
29401|Macedonia, T-Mobile/Mobimak (mk, +389)
29403|Macedonia, VIP Mobile (mk, +389)
64601|Madagascar, Airtel/MADACOM (mg, +261)
64602|Madagascar, Orange/Soci (mg, +261)
64603|Madagascar, Sacel (mg, +261)
64604|Madagascar, Telma (mg, +261)
65001|Malawi, TNM/Telekom Network Ltd. (mw, +265)
65010|Malawi, Airtel/Zain/Celtel ltd. (mw, +265)
50201|Malaysia, Art900 (my, +60)
502151|Malaysia, Baraka Telecom Sdn Bhd (my, +60)
50219|Malaysia, CelCom (my, +60)
50213|Malaysia, CelCom (my, +60)
502198|Malaysia, CelCom (my, +60)
50210|Malaysia, Digi Telecommunications (my, +60)
50216|Malaysia, Digi Telecommunications (my, +60)
50220|Malaysia, Electcoms Wireless Sdn Bhd (my, +60)
50217|Malaysia, Maxis (my, +60)
50212|Malaysia, Maxis (my, +60)
50211|Malaysia, MTX Utara (my, +60)
502153|Malaysia, Webe/Packet One Networks (Malaysia) Sdn Bhd (my, +60)
502155|Malaysia, Samata Communications Sdn Bhd (my, +60)
502154|Malaysia, Tron/Talk Focus Sdn Bhd (my, +60)
50218|Malaysia, U Mobile (my, +60)
502195|Malaysia, XOX Com Sdn Bhd (my, +60)
502152|Malaysia, YES (my, +60)
47201|Maldives, Dhiraagu/C&W (mv, +960)
47202|Maldives, Ooredo/Wataniya (mv, +960)
61001|Mali, Malitel (ml, +223)
61002|Mali, Orange/IKATEL (ml, +223)
27821|Malta, GO Mobile (mt, +356)
27877|Malta, Melita (mt, +356)
27801|Malta, Vodafone (mt, +356)
34012|Martinique (French Department of), UTS Caraibe (mq, +596)
60902|Mauritania, Chinguitel SA (mr, +222)
60901|Mauritania, Mattel (mr, +222)
60910|Mauritania, Mauritel (mr, +222)
61710|Mauritius, Emtel Ltd (mu, +230)
61702|Mauritius, Mahanagar Telephone (mu, +230)
61703|Mauritius, Mahanagar Telephone (mu, +230)
61701|Mauritius, Orange/Cellplus (mu, +230)
33450|Mexico, AT&T/IUSACell (mx, +52)
334050|Mexico, AT&T/IUSACell (mx, +52)
334040|Mexico, AT&T/IUSACell (mx, +52)
33404|Mexico, AT&T/IUSACell (mx, +52)
334030|Mexico, Movistar/Pegaso (mx, +52)
33403|Mexico, Movistar/Pegaso (mx, +52)
334090|Mexico, NEXTEL (mx, +52)
334010|Mexico, NEXTEL (mx, +52)
33409|Mexico, NEXTEL (mx, +52)
33401|Mexico, NEXTEL (mx, +52)
334080|Mexico, Operadora Unefon SA de CV (mx, +52)
334070|Mexico, Operadora Unefon SA de CV (mx, +52)
334060|Mexico, SAI PCS (mx, +52)
33402|Mexico, TelCel/America Movil (mx, +52)
334020|Mexico, TelCel/America Movil (mx, +52)
55001|Micronesia, FSM Telecom (fm, +691)
25904|Moldova, Eventis Mobile (md, +373)
25903|Moldova, IDC/Unite (md, +373)
25999|Moldova, IDC/Unite (md, +373)
25905|Moldova, IDC/Unite (md, +373)
25902|Moldova, Moldcell (md, +373)
25901|Moldova, Orange/Voxtel (md, +373)
21210|Monaco, Monaco Telecom (mc, +377)
21201|Monaco, Monaco Telecom (mc, +377)
42898|Mongolia, G-Mobile Corporation Ltd (mn, +976)
42899|Mongolia, Mobicom (mn, +976)
42891|Mongolia, Skytel Co. Ltd (mn, +976)
42800|Mongolia, Skytel Co. Ltd (mn, +976)
42888|Mongolia, Unitel (mn, +976)
29702|Montenegro, Monet/T-mobile (me, +382)
29703|Montenegro, Mtel (me, +382)
29701|Montenegro, Telenor/Promonte GSM (me, +382)
354860|Montserrat, Cable & Wireless (ms, +1664)
60401|Morocco, IAM/Itissallat (ma, +212)
60402|Morocco, INWI/WANA (ma, +212)
60400|Morocco, Medi Telecom (ma, +212)
64301|Mozambique, mCel (mz, +258)
64303|Mozambique, Movitel (mz, +258)
64304|Mozambique, Vodacom (mz, +258)
41401|Myanmar (Burma), Myanmar Post & Teleco. (mm, +95)
41405|Myanmar (Burma), Oreedoo (mm, +95)
41406|Myanmar (Burma), Telenor (mm, +95)
64903|Namibia, Leo / Orascom (na, +264)
64901|Namibia, MTC (na, +264)
64902|Namibia, Switch/Nam. Telec. (na, +264)
42902|Nepal, Ncell (np, +977)
42901|Nepal, NT Mobile / Namaste (np, +977)
42904|Nepal, Smart Cell (np, +977)
20414|Netherlands, 6GMOBILE BV (nl, +31)
20423|Netherlands, Aspider Solutions (nl, +31)
20405|Netherlands, Elephant Talk Communications Premium Rate Services Netherlands BV (nl, +31)
20417|Netherlands, Intercity Mobile Communications BV (nl, +31)
20408|Netherlands, KPN Telecom B.V. (nl, +31)
20469|Netherlands, KPN Telecom B.V. (nl, +31)
20410|Netherlands, KPN Telecom B.V. (nl, +31)
20412|Netherlands, KPN/Telfort (nl, +31)
20428|Netherlands, Lancelot BV (nl, +31)
20409|Netherlands, Lycamobile Ltd (nl, +31)
20406|Netherlands, Mundio/Vectone Mobile (nl, +31)
20421|Netherlands, NS Railinfrabeheer B.V. (nl, +31)
20424|Netherlands, Private Mobility Nederland BV (nl, +31)
20498|Netherlands, T-Mobile B.V. (nl, +31)
20416|Netherlands, T-Mobile B.V. (nl, +31)
20420|Netherlands, T-mobile/former Orange (nl, +31)
20402|Netherlands, Tele2 (nl, +31)
20407|Netherlands, Teleena Holding BV (nl, +31)
20468|Netherlands, Unify Mobile (nl, +31)
20418|Netherlands, UPC Nederland BV (nl, +31)
20404|Netherlands, Vodafone Libertel (nl, +31)
20403|Netherlands, Voiceworks Mobile BV (nl, +31)
20415|Netherlands, Ziggo BV (nl, +31)
362630|Netherlands Antilles, Cingular Wireless (an, +599)
36251|Netherlands Antilles, TELCELL GSM (an, +599)
36291|Netherlands Antilles, SETEL GSM (an, +599)
362951|Netherlands Antilles, UTS Wireless (an, +599)
54601|New Caledonia, OPT Mobilis (nc, +687)
53028|New Zealand, 2degrees (nz, +64)
53005|New Zealand, Spark/NZ Telecom (nz, +64)
53002|New Zealand, Spark/NZ Telecom (nz, +64)
53004|New Zealand, Telstra (nz, +64)
53024|New Zealand, Two Degrees Mobile Ltd (nz, +64)
53001|New Zealand, Vodafone (nz, +64)
53003|New Zealand, Walker Wireless Ltd. (nz, +64)
71021|Nicaragua, Empresa Nicaraguense de Telecomunicaciones SA (ENITEL) (ni, +505)
71030|Nicaragua, Movistar (ni, +505)
71073|Nicaragua, Claro (ni, +505)
61403|Niger, MOOV/TeleCel (ne, +227)
61404|Niger, Orange/Sahelc. (ne, +227)
61401|Niger, Orange/Sahelc. (ne, +227)
61402|Niger, Airtel/Zain/CelTel (ne, +227)
62120|Nigeria, Airtel/ZAIN/Econet (ng, +234)
62160|Nigeria, ETISALAT (ng, +234)
62150|Nigeria, Glo Mobile (ng, +234)
62140|Nigeria, M-Tel/Nigeria Telecom. Ltd. (ng, +234)
62130|Nigeria, MTN (ng, +234)
62199|Nigeria, Starcomms (ng, +234)
62125|Nigeria, Visafone (ng, +234)
62101|Nigeria, Visafone (ng, +234)
55501|Niue, Niue Telecom (nu, +683)
24209|Norway, Com4 AS (no, +47)
24214|Norway, ICE Nordisk Mobiltelefon AS (no, +47)
24221|Norway, Jernbaneverket (GSM-R) (no, +47)
24220|Norway, Jernbaneverket (GSM-R) (no, +47)
24223|Norway, Lycamobile Ltd (no, +47)
24202|Norway, Netcom (no, +47)
24222|Norway, Network Norway AS (no, +47)
24205|Norway, Network Norway AS (no, +47)
24206|Norway, ICE Nordisk Mobiltelefon AS (no, +47)
24208|Norway, TDC Mobil A/S (no, +47)
24204|Norway, Tele2 (no, +47)
24212|Norway, Telenor (no, +47)
24201|Norway, Telenor (no, +47)
24203|Norway, Teletopia (no, +47)
24207|Norway, Ventelo AS (no, +47)
242017|Norway, Ventelo AS (no, +47)
42203|Oman, Nawras (om, +968)
42202|Oman, Oman Mobile/GTO (om, +968)
41008|Pakistan, Instaphone (pk, +92)
41001|Pakistan, Mobilink (pk, +92)
41006|Pakistan, Telenor (pk, +92)
41003|Pakistan, UFONE/PAKTel (pk, +92)
41007|Pakistan, Warid Telecom (pk, +92)
41004|Pakistan, ZONG/CMPak (pk, +92)
55280|Palau (Republic of), Palau Mobile Corp. (PMC) (Palau (pw, +680)
55201|Palau (Republic of), Palau National Communications Corp. (PNCC) (Palau (pw, +680)
42505|Palestinian Territory, Jawwal (ps, +970)
42506|Palestinian Territory, Wataniya Mobile (ps, +970)
71401|Panama, Cable & W./Mas Movil (pa, +507)
71403|Panama, Claro (pa, +507)
71404|Panama, Digicel (pa, +507)
714020|Panama, Movistar (pa, +507)
71402|Panama, Movistar (pa, +507)
53703|Papua New Guinea, Digicel (pg, +675)
53702|Papua New Guinea, GreenCom PNG Ltd (pg, +675)
53701|Papua New Guinea, Pacific Mobile (pg, +675)
74402|Paraguay, Claro/Hutchison (py, +595)
74403|Paraguay, Compa (py, +595)
74401|Paraguay, Hola/VOX (py, +595)
74405|Paraguay, TIM/Nucleo/Personal (py, +595)
74404|Paraguay, Tigo/Telecel (py, +595)
71620|Peru, Claro /Amer.Mov./TIM (pe, +51)
71610|Peru, Claro /Amer.Mov./TIM (pe, +51)
71602|Peru, GlobalStar (pe, +51)
71601|Peru, GlobalStar (pe, +51)
71606|Peru, Movistar (pe, +51)
71617|Peru, Nextel (pe, +51)
71607|Peru, Nextel (pe, +51)
71615|Peru, Viettel Mobile (pe, +51)
51500|Philippines, Fix Line (ph, +63)
51501|Philippines, Globe Telecom (ph, +63)
51502|Philippines, Globe Telecom (ph, +63)
51588|Philippines, Next Mobile (ph, +63)
51518|Philippines, RED Mobile/Cure (ph, +63)
51503|Philippines, Smart (ph, +63)
51505|Philippines, SUN/Digitel (ph, +63)
26017|Poland, Aero2 SP. (pl, +48)
26018|Poland, AMD Telecom. (pl, +48)
26038|Poland, CallFreedom Sp. z o.o. (pl, +48)
26012|Poland, Cyfrowy POLSAT S.A. (pl, +48)
26008|Poland, e-Telko (pl, +48)
26009|Poland, Lycamobile (pl, +48)
26016|Poland, Mobyland (pl, +48)
26036|Poland, Mundio Mobile Sp. z o.o. (pl, +48)
26007|Poland, Play/P4 (pl, +48)
26011|Poland, NORDISK Polska (pl, +48)
26005|Poland, Orange/IDEA/Centertel (pl, +48)
26003|Poland, Orange/IDEA/Centertel (pl, +48)
26035|Poland, PKP Polskie Linie Kolejowe S.A. (pl, +48)
26098|Poland, Play/P4 (pl, +48)
26006|Poland, Play/P4 (pl, +48)
26001|Poland, Polkomtel/Plus (pl, +48)
26013|Poland, Sferia (pl, +48)
26014|Poland, Sferia (pl, +48)
26010|Poland, Sferia (pl, +48)
26034|Poland, T-Mobile/ERA (pl, +48)
26002|Poland, T-Mobile/ERA (pl, +48)
26004|Poland, Tele2 (pl, +48)
26015|Poland, Tele2 (pl, +48)
26804|Portugal, Lycamobile (pt, +351)
26807|Portugal, NOS/Optimus (pt, +351)
26803|Portugal, NOS/Optimus (pt, +351)
26806|Portugal, MEO/TMN (pt, +351)
26801|Portugal, Vodafone (pt, +351)
330110|Puerto Rico, Puerto Rico Telephone Company Inc. (PRTC) (pr, +)
33011|Puerto Rico, Puerto Rico Telephone Company Inc. (PRTC) (pr, +)
42701|Qatar, Ooredoo/Qtel (qa, +974)
42702|Qatar, Vodafone (qa, +974)
64700|Reunion, Orange (re, +262)
64702|Reunion, Outremer Telecom (re, +262)
64710|Reunion, SFR (re, +262)
22603|Romania, Cosmote (ro, +40)
22611|Romania, Enigma Systems (ro, +40)
22616|Romania, Lycamobile (ro, +40)
22610|Romania, Orange (ro, +40)
22605|Romania, RCS&RDS Digi Mobile (ro, +40)
22602|Romania, Romtelecom SA (ro, +40)
22606|Romania, Telemobil/Zapp (ro, +40)
22601|Romania, Vodafone (ro, +40)
22604|Romania, Telemobil/Zapp (ro, +40)
25012|Russian Federation, Baykal Westcom (ru, +79)
25028|Russian Federation, BeeLine/VimpelCom (ru, +79)
25010|Russian Federation, DTC/Don Telecom (ru, +79)
25013|Russian Federation, Kuban GSM (ru, +79)
25035|Russian Federation, MOTIV/LLC Ekaterinburg-2000 (ru, +79)
25002|Russian Federation, Megafon (ru, +79)
25001|Russian Federation, MTS (ru, +79)
25003|Russian Federation, NCC (ru, +79)
25016|Russian Federation, NTC (ru, +79)
25019|Russian Federation, OJSC Altaysvyaz (ru, +79)
25011|Russian Federation, Orensot (ru, +79)
25092|Russian Federation, Printelefone (ru, +79)
25004|Russian Federation, Sibchallenge (ru, +79)
25044|Russian Federation, StavTelesot (ru, +79)
25020|Russian Federation, Tele2/ECC/Volgogr. (ru, +79)
25093|Russian Federation, Telecom XXL (ru, +79)
25039|Russian Federation, UralTel (ru, +79)
25017|Russian Federation, UralTel (ru, +79)
25099|Russian Federation, BeeLine/VimpelCom (ru, +79)
25005|Russian Federation, Yenisey Telecom (ru, +79)
25015|Russian Federation, ZAO SMARTS (ru, +79)
25007|Russian Federation, ZAO SMARTS (ru, +79)
63514|Rwanda, Airtel (rw, +250)
63510|Rwanda, MTN/Rwandacell (rw, +250)
63513|Rwanda, TIGO (rw, +250)
356110|Saint Kitts and Nevis, Cable & Wireless (kn, +1869)
35650|Saint Kitts and Nevis, Digicel (kn, +1869)
35670|Saint Kitts and Nevis, UTS Cariglobe (kn, +1869)
358110|Saint Lucia, Cable & Wireless (lc, +1758)
35830|Saint Lucia, Cingular Wireless (lc, +1758)
35850|Saint Lucia, Digicel (St Lucia) Limited (lc, +1758)
54927|Samoa, Samoatel Mobile (ws, +685)
54901|Samoa, Telecom Samoa Cellular Ltd. (ws, +685)
29201|San Marino, Prima Telecom (sm, +378)
62601|Sao Tome & Principe, CSTmovel (st, +239)
90114|Satellite Networks, AeroMobile (n/a, +870)
90111|Satellite Networks, InMarSAT (n/a, +870)
90112|Satellite Networks, Maritime Communications Partner AS (n/a, +870)
90105|Satellite Networks, Thuraya Satellite (n/a, +870)
42007|Saudi Arabia, Zain (sa, +966)
42003|Saudi Arabia, Etihad/Etisalat/Mobily (sa, +966)
42006|Saudi Arabia, Lebara Mobile (sa, +966)
42001|Saudi Arabia, STC/Al Jawal (sa, +966)
42005|Saudi Arabia, Virgin Mobile (sa, +966)
42004|Saudi Arabia, Zain (sa, +966)
60803|Senegal, Expresso/Sudatel (sn, +221)
60801|Senegal, Orange/Sonatel (sn, +221)
60802|Senegal, TIGO/Sentel GSM (sn, +221)
22003|Serbia, MTS/Telekom Srbija (rs, +381)
22002|Serbia, Telenor/Mobtel (rs, +381)
22001|Serbia, Telenor/Mobtel (rs, +381)
22005|Serbia, VIP Mobile (rs, +381)
63310|Seychelles, Airtel (sc, +248)
63301|Seychelles, C&W (sc, +248)
63302|Seychelles, Smartcom (sc, +248)
61903|Sierra Leone, Africel (sl, +232)
61901|Sierra Leone, Airtel/Zain/Celtel (sl, +232)
61904|Sierra Leone, Comium (sl, +232)
61905|Sierra Leone, Africel (sl, +232)
61902|Sierra Leone, Tigo/Millicom (sl, +232)
61925|Sierra Leone, Mobitel (sl, +232)
52512|Singapore, GRID Communications Pte Ltd (sg, +65)
52503|Singapore, MobileOne Ltd (sg, +65)
52501|Singapore, Singtel (sg, +65)
52507|Singapore, Singtel (sg, +65)
52502|Singapore, Singtel (sg, +65)
52506|Singapore, Starhub (sg, +65)
52505|Singapore, Starhub (sg, +65)
23103|Slovakia, 4Ka (sk, +421)
23106|Slovakia, O2 (sk, +421)
23101|Slovakia, Orange (sk, +421)
23105|Slovakia, Orange (sk, +421)
23115|Slovakia, Orange (sk, +421)
23102|Slovakia, T-Mobile (sk, +421)
23104|Slovakia, T-Mobile (sk, +421)
23199|Slovakia, Zeleznice Slovenskej republiky (ZSR) (sk, +421)
29341|Slovenia, Mobitel (si, +386)
29340|Slovenia, SI.Mobil (si, +386)
29310|Slovenia, Slovenske zeleznice d.o.o. (si, +386)
29364|Slovenia, T-2 d.o.o. (si, +386)
29370|Slovenia, Telemach/TusMobil/VEGA (si, +386)
54002|Solomon Islands, bemobile (sb, +677)
54010|Solomon Islands, BREEZE (sb, +677)
54001|Solomon Islands, BREEZE (sb, +677)
63730|Somalia, Golis (so, +252)
63719|Somalia, HorTel (so, +252)
63710|Somalia, Nationlink (so, +252)
63760|Somalia, Nationlink (so, +252)
63704|Somalia, Somafone (so, +252)
63771|Somalia, Somtel (so, +252)
63782|Somalia, Somtel (so, +252)
63701|Somalia, Telesom (so, +252)
65502|South Africa, 8.ta (za, +27)
65521|South Africa, Cape Town Metropolitan (za, +27)
65507|South Africa, Cell C (za, +27)
65512|South Africa, MTN (za, +27)
65510|South Africa, MTN (za, +27)
65506|South Africa, Sentech (za, +27)
65501|South Africa, Vodacom (za, +27)
65519|South Africa, Wireless Business Solutions (Pty) Ltd (za, +27)
65903|South Sudan (Republic of), Gemtel Ltd (South Sudan (ss, +)
65902|South Sudan (Republic of), MTN South Sudan (South Sudan (ss, +)
65904|South Sudan (Republic of), Network of The World Ltd (NOW) (South Sudan (ss, +)
65906|South Sudan (Republic of), Zain South Sudan (South Sudan (ss, +)
21423|Spain, Lycamobile SL (es, +34)
21422|Spain, Digi Spain Telecom SL (es, +34)
21415|Spain, BT Espana SAU (es, +34)
21418|Spain, Cableuropa SAU (ONO) (es, +34)
21408|Spain, Euskaltel SA (es, +34)
21420|Spain, fonYou Wireless SL (es, +34)
21432|Spain, ION Mobile (es, +34)
21421|Spain, Jazz Telecom SAU (es, +34)
21426|Spain, Lleida (es, +34)
21425|Spain, Lycamobile SL (es, +34)
21407|Spain, Movistar (es, +34)
21405|Spain, Movistar (es, +34)
21409|Spain, Orange (es, +34)
21403|Spain, Orange (es, +34)
21411|Spain, Orange (es, +34)
21417|Spain, R Cable y Telec. Galicia SA (es, +34)
21419|Spain, Simyo/KPN (es, +34)
21416|Spain, Telecable de Asturias SA (es, +34)
21427|Spain, Truphone (es, +34)
21401|Spain, Vodafone (es, +34)
21406|Spain, Vodafone Enabler Espana SL (es, +34)
21404|Spain, Yoigo (es, +34)
41305|Sri Lanka, Airtel (lk, +94)
41303|Sri Lanka, Etisalat/Tigo (lk, +94)
41308|Sri Lanka, H3G Hutchison (lk, +94)
41301|Sri Lanka, Mobitel Ltd. (lk, +94)
41302|Sri Lanka, MTN/Dialog (lk, +94)
30801|St. Pierre & Miquelon, Ameris (pm, +508)
360110|St. Vincent & Gren., C & W (vc, +1784)
360100|St. Vincent & Gren., Cingular (vc, +1784)
36010|St. Vincent & Gren., Cingular (vc, +1784)
360050|St. Vincent & Gren., Digicel (vc, +1784)
36070|St. Vincent & Gren., Digicel (vc, +1784)
63400|Sudan, Canar Telecom (sd, +249)
63422|Sudan, MTN (sd, +249)
63402|Sudan, MTN (sd, +249)
63407|Sudan, Sudani One (sd, +249)
63415|Sudan, Sudani One (sd, +249)
63408|Sudan, Vivacell (sd, +249)
63405|Sudan, Vivacell (sd, +249)
63401|Sudan, ZAIN/Mobitel (sd, +249)
63406|Sudan, ZAIN/Mobitel (sd, +249)
74603|Suriname, Digicel (sr, +597)
74601|Suriname, Telesur (sr, +597)
74602|Suriname, Telecommunicatiebedrijf Suriname (TELESUR) (sr, +597)
74604|Suriname, UNIQA (sr, +597)
65310|Swaziland, Swazi MTN (sz, +268)
65301|Swaziland, SwaziTelecom (sz, +268)
24035|Sweden, 42 Telecom AB (se, +46)
24016|Sweden, 42 Telecom AB (se, +46)
24026|Sweden, Beepsend (se, +46)
24030|Sweden, NextGen Mobile Ltd (CardBoardFish) (se, +46)
24028|Sweden, CoolTEL Aps (se, +46)
24025|Sweden, Digitel Mobile Srl (se, +46)
24022|Sweden, Eu Tel AB (se, +46)
24027|Sweden, Fogg Mobile AB (se, +46)
24018|Sweden, Generic Mobile Systems Sweden AB (se, +46)
24017|Sweden, Gotalandsnatet AB (se, +46)
24004|Sweden, H3G Access AB (se, +46)
24002|Sweden, H3G Access AB (se, +46)
24036|Sweden, ID Mobile (se, +46)
24023|Sweden, Infobip Ltd. (se, +46)
24011|Sweden, Lindholmen Science Park AB (se, +46)
24012|Sweden, Lycamobile Ltd (se, +46)
24029|Sweden, Mercury International Carrier Services (se, +46)
24019|Sweden, Mundio Mobile (Sweden) Ltd (se, +46)
24010|Sweden, Spring Mobil AB (se, +46)
24005|Sweden, Svenska UMTS-N (se, +46)
24014|Sweden, TDC Sverige AB (se, +46)
24007|Sweden, Tele2 Sverige AB (se, +46)
24024|Sweden, Telenor (Vodafone) (se, +46)
24008|Sweden, Telenor (Vodafone) (se, +46)
24006|Sweden, Telenor (Vodafone) (se, +46)
24001|Sweden, Telia Mobile (se, +46)
24013|Sweden, Ventelo Sverige AB (se, +46)
24020|Sweden, Wireless Maingate AB (se, +46)
24015|Sweden, Wireless Maingate Nordic AB (se, +46)
22851|Switzerland, BebbiCell AG (ch, +41)
22805|Switzerland, Comfone AG (ch, +41)
22809|Switzerland, Comfone AG (ch, +41)
22807|Switzerland, TDC Sunrise (ch, +41)
22854|Switzerland, Lycamobile AG (ch, +41)
22852|Switzerland, Mundio Mobile AG (ch, +41)
22803|Switzerland, Salt/Orange (ch, +41)
22801|Switzerland, Swisscom (ch, +41)
22812|Switzerland, TDC Sunrise (ch, +41)
22802|Switzerland, TDC Sunrise (ch, +41)
22808|Switzerland, TDC Sunrise (ch, +41)
22853|Switzerland, upc cablecom GmbH (ch, +41)
41702|Syrian Arab Republic, MTN/Spacetel (sy, +963)
41709|Syrian Arab Republic, Syriatel Holdings (sy, +963)
41701|Syrian Arab Republic, Syriatel Holdings (sy, +963)
46668|Taiwan, ACeS Taiwan - ACeS Taiwan Telecommunications Co Ltd (tw, +886)
46605|Taiwan, Asia Pacific Telecom Co. Ltd (APT) (tw, +886)
46692|Taiwan, Chunghwa Telecom LDM (tw, +886)
46611|Taiwan, Chunghwa Telecom LDM (tw, +886)
46602|Taiwan, Far EasTone (tw, +886)
46607|Taiwan, Far EasTone (tw, +886)
46601|Taiwan, Far EasTone (tw, +886)
46606|Taiwan, Far EasTone (tw, +886)
46603|Taiwan, Far EasTone (tw, +886)
46610|Taiwan, Global Mobile Corp. (tw, +886)
46656|Taiwan, International Telecom Co. Ltd (FITEL) (tw, +886)
46688|Taiwan, KG Telecom (tw, +886)
46699|Taiwan, TransAsia (tw, +886)
46697|Taiwan, Taiwan Cellular (tw, +886)
46693|Taiwan, Mobitai (tw, +886)
46689|Taiwan, T-Star/VIBO (tw, +886)
46609|Taiwan, VMAX Telecom Co. Ltd (tw, +886)
43604|Tajikistan, Babilon-M (tk, +992)
43605|Tajikistan, Bee Line (tk, +992)
43602|Tajikistan, CJSC Indigo Tajikistan (tk, +992)
43612|Tajikistan, Tcell/JC Somoncom (tk, +992)
43603|Tajikistan, MLT/TT mobile (tk, +992)
43601|Tajikistan, Tcell/JC Somoncom (tk, +992)
64008|Tanzania, Benson Informatics Ltd (tz, +255)
64006|Tanzania, Dovetel (T) Ltd (tz, +255)
64009|Tanzania, Halotel/Viettel Ltd (tz, +255)
64011|Tanzania, Smile Communications Tanzania Ltd (tz, +255)
64007|Tanzania, Tanzania Telecommunications Company Ltd (TTCL) (tz, +255)
64002|Tanzania, TIGO/MIC (tz, +255)
64001|Tanzania, Tri Telecomm. Ltd. (tz, +255)
64004|Tanzania, Vodacom Ltd (tz, +255)
64005|Tanzania, Airtel/ZAIN/Celtel (tz, +255)
64003|Tanzania, Zantel/Zanzibar Telecom (tz, +255)
52020|Thailand, ACeS Thailand - ACeS Regional Services Co Ltd (th, +66)
52015|Thailand, ACT Mobile (th, +66)
52003|Thailand, Advanced Wireless Networks/AWN (th, +66)
52001|Thailand, AIS/Advanced Info Service (th, +66)
52023|Thailand, Digital Phone Co. (th, +66)
52000|Thailand, Hutch/CAT CDMA (th, +66)
52018|Thailand, Total Access (DTAC) (th, +66)
52005|Thailand, Total Access (DTAC) (th, +66)
52004|Thailand, True Move/Orange (th, +66)
52099|Thailand, True Move/Orange (th, +66)
51401|Timor-Leste, Telin/ Telkomcel (tp, +670)
51402|Timor-Leste, Timor Telecom (tp, +670)
61502|Togo, Telecel/MOOV (tg, +228)
61503|Togo, Telecel/MOOV (tg, +228)
61501|Togo, Togo Telecom/TogoCELL (tg, +228)
53943|Tonga, Shoreline Communication (to, +676)
53901|Tonga, Tonga Communications (to, +676)
37412|Trinidad and Tobago, Bmobile/TSTT (tt, +1868)
374120|Trinidad and Tobago, Bmobile/TSTT (tt, +1868)
374130|Trinidad and Tobago, Digicel (tt, +1868)
374140|Trinidad and Tobago, LaqTel Ltd. (tt, +1868)
60501|Tunisia, Orange (tn, +216)
60503|Tunisia, Oreedo/Orascom (tn, +216)
60506|Tunisia, TuniCell/Tunisia Telecom (tn, +216)
60502|Tunisia, TuniCell/Tunisia Telecom (tn, +216)
28603|Turkey, AVEA/Aria (tr, +90)
28604|Turkey, AVEA/Aria (tr, +90)
28601|Turkey, Turkcell (tr, +90)
28602|Turkey, Vodafone-Telsim (tr, +90)
43801|Turkmenistan, MTS/Barash Communication (tm, +993)
43802|Turkmenistan, Altyn Asyr/TM-Cell (tm, +993)
376350|Turks and Caicos Islands, Cable & Wireless (TCI) Ltd (tc, +)
376050|Turks and Caicos Islands, Digicel TCI Ltd (tc, +)
376352|Turks and Caicos Islands, IslandCom Communications Ltd. (tc, +)
55301|Tuvalu, Tuvalu Telecommunication Corporation (TTC) (tv, +)
64101|Uganda, Airtel/Celtel (ug, +256)
64166|Uganda, i-Tel Ltd (ug, +256)
64130|Uganda, K2 Telecom Ltd (ug, +256)
64110|Uganda, MTN Ltd. (ug, +256)
64114|Uganda, Orange (ug, +256)
64133|Uganda, Smile Communications Uganda Ltd (ug, +256)
64118|Uganda, Suretelecom Uganda Ltd (ug, +256)
64111|Uganda, Uganda Telecom Ltd. (ug, +256)
64122|Uganda, Airtel/Warid (ug, +256)
25506|Ukraine, Astelit/LIFE (ua, +380)
25505|Ukraine, Golden Telecom (ua, +380)
25539|Ukraine, Golden Telecom (ua, +380)
25504|Ukraine, Intertelecom Ltd (IT) (ua, +380)
25567|Ukraine, KyivStar (ua, +380)
25503|Ukraine, KyivStar (ua, +380)
25521|Ukraine, Telesystems Of Ukraine CJSC (TSU) (ua, +380)
25507|Ukraine, TriMob LLC (ua, +380)
25550|Ukraine, UMC/MTS (ua, +380)
25502|Ukraine, Beeline (ua, +380)
25501|Ukraine, UMC/MTS (ua, +380)
25568|Ukraine, Beeline (ua, +380)
42403|United Arab Emirates, DU (ae, +971)
43102|United Arab Emirates, Etisalat (ae, +971)
43002|United Arab Emirates, Etisalat (ae, +971)
42402|United Arab Emirates, Etisalat (ae, +971)
23403|United Kingdom, Airtel/Vodafone (gb, +44)
23477|United Kingdom, BT Group (gb, +44)
23476|United Kingdom, BT Group (gb, +44)
23407|United Kingdom, Cable and Wireless (gb, +44)
23492|United Kingdom, Cable and Wireless (gb, +44)
23436|United Kingdom, Cable and Wireless Isle of Man (gb, +44)
23418|United Kingdom, Cloud9/wire9 Tel. (gb, +44)
23502|United Kingdom, Everyth. Ev.wh. (gb, +44)
23417|United Kingdom, FlexTel (gb, +44)
23455|United Kingdom, Guernsey Telecoms (gb, +44)
23414|United Kingdom, HaySystems (gb, +44)
23420|United Kingdom, H3G Hutchinson (gb, +44)
23494|United Kingdom, H3G Hutchinson (gb, +44)
23475|United Kingdom, Inquam Telecom Ltd (gb, +44)
23450|United Kingdom, Jersey Telecom (gb, +44)
23435|United Kingdom, JSC Ingenicum (gb, +44)
23426|United Kingdom, Lycamobile (gb, +44)
23458|United Kingdom, Manx Telecom (gb, +44)
23401|United Kingdom, Mapesbury C. Ltd (gb, +44)
23428|United Kingdom, Marthon Telecom (gb, +44)
23410|United Kingdom, O2 Ltd. (gb, +44)
23402|United Kingdom, O2 Ltd. (gb, +44)
23411|United Kingdom, O2 Ltd. (gb, +44)
23408|United Kingdom, OnePhone (gb, +44)
23416|United Kingdom, Opal Telecom (gb, +44)
23433|United Kingdom, Everyth. Ev.wh./Orange (gb, +44)
23434|United Kingdom, Everyth. Ev.wh./Orange (gb, +44)
23419|United Kingdom, PMN/Teleware (gb, +44)
23412|United Kingdom, Railtrack Plc (gb, +44)
23422|United Kingdom, Routotelecom (gb, +44)
23457|United Kingdom, Sky UK Limited (gb, +44)
23424|United Kingdom, Stour Marine (gb, +44)
23437|United Kingdom, Synectiv Ltd. (gb, +44)
23431|United Kingdom, Everyth. Ev.wh./T-Mobile (gb, +44)
23430|United Kingdom, Everyth. Ev.wh./T-Mobile (gb, +44)
23432|United Kingdom, Everyth. Ev.wh./T-Mobile (gb, +44)
23427|United Kingdom, Vodafone (gb, +44)
23409|United Kingdom, Tismi (gb, +44)
23425|United Kingdom, Truphone (gb, +44)
23451|United Kingdom, Jersey Telecom (gb, +44)
23423|United Kingdom, Vectofone Mobile Wifi (gb, +44)
23491|United Kingdom, Vodafone (gb, +44)
23415|United Kingdom, Vodafone (gb, +44)
23478|United Kingdom, Wave Telecom Ltd (gb, +44)
310050|United States,  (us, +1)
310880|United States,  (us, +1)
310850|United States, Aeris Comm. Inc. (us, +1)
310640|United States,  (us, +1)
310510|United States, Airtel Wireless LLC (us, +1)
310190|United States, Unknown (us, +1)
312090|United States, Allied Wireless Communications Corporation (us, +1)
311130|United States,  (us, +1)
310710|United States, Arctic Slope Telephone Association Cooperative Inc. (us, +1)
310560|United States, AT&T Wireless Inc. (us, +1)
310410|United States, AT&T Wireless Inc. (us, +1)
310380|United States, AT&T Wireless Inc. (us, +1)
310170|United States, AT&T Wireless Inc. (us, +1)
310150|United States, AT&T Wireless Inc. (us, +1)
310680|United States, AT&T Wireless Inc. (us, +1)
310070|United States, AT&T Wireless Inc. (us, +1)
310980|United States, AT&T Wireless Inc. (us, +1)
311810|United States, Bluegrass Wireless LLC (us, +1)
311800|United States, Bluegrass Wireless LLC (us, +1)
311440|United States, Bluegrass Wireless LLC (us, +1)
310900|United States, Cable & Communications Corp. (us, +1)
311590|United States, California RSA No. 3 Limited Partnership (us, +1)
311500|United States, Cambridge Telephone Company Inc. (us, +1)
310830|United States, Caprock Cellular Ltd. (us, +1)
310012|United States, Verizon Wireless (us, +1)
311280|United States, Verizon Wireless (us, +1)
311485|United States, Verizon Wireless (us, +1)
311110|United States, Verizon Wireless (us, +1)
311285|United States, Verizon Wireless (us, +1)
311274|United States, Verizon Wireless (us, +1)
311390|United States, Verizon Wireless (us, +1)
310010|United States, Verizon Wireless (us, +1)
311279|United States, Verizon Wireless (us, +1)
311484|United States, Verizon Wireless (us, +1)
310910|United States, Verizon Wireless (us, +1)
311284|United States, Verizon Wireless (us, +1)
311489|United States, Verizon Wireless (us, +1)
311273|United States, Verizon Wireless (us, +1)
311289|United States, Verizon Wireless (us, +1)
310004|United States, Verizon Wireless (us, +1)
311278|United States, Verizon Wireless (us, +1)
311483|United States, Verizon Wireless (us, +1)
310890|United States, Verizon Wireless (us, +1)
311283|United States, Verizon Wireless (us, +1)
311488|United States, Verizon Wireless (us, +1)
311272|United States, Verizon Wireless (us, +1)
311288|United States, Verizon Wireless (us, +1)
311277|United States, Verizon Wireless (us, +1)
311482|United States, Verizon Wireless (us, +1)
310590|United States, Verizon Wireless (us, +1)
311282|United States, Verizon Wireless (us, +1)
311487|United States, Verizon Wireless (us, +1)
311271|United States, Verizon Wireless (us, +1)
311287|United States, Verizon Wireless (us, +1)
311276|United States, Verizon Wireless (us, +1)
311481|United States, Verizon Wireless (us, +1)
310013|United States, Verizon Wireless (us, +1)
311281|United States, Verizon Wireless (us, +1)
311486|United States, Verizon Wireless (us, +1)
311270|United States, Verizon Wireless (us, +1)
311286|United States, Verizon Wireless (us, +1)
311275|United States, Verizon Wireless (us, +1)
311480|United States, Verizon Wireless (us, +1)
310360|United States, Cellular Network Partnership LLC (us, +1)
312280|United States, Cellular Network Partnership LLC (us, +1)
312270|United States, Cellular Network Partnership LLC (us, +1)
311190|United States,  (us, +1)
310030|United States,  (us, +1)
311120|United States, Choice Phone LLC (us, +1)
310480|United States, Choice Phone LLC (us, +1)
310630|United States,  (us, +1)
310420|United States, Cincinnati Bell Wireless LLC (us, +1)
310180|United States, Cingular Wireless (us, +1)
310620|United States, Coleman County Telco /Trans TX (us, +1)
311040|United States,  (us, +1)
31006|United States, Consolidated Telcom (us, +1)
31060|United States, Consolidated Telcom (us, +1)
31026|United States,  (us, +1)
312380|United States,  (us, +1)
310930|United States,  (us, +1)
311240|United States,  (us, +1)
310080|United States,  (us, +1)
310700|United States, Cross Valliant Cellular Partnership (us, +1)
312030|United States, Cross Wireless Telephone Co. (us, +1)
311140|United States, Cross Wireless Telephone Co. (us, +1)
311520|United States,  (us, +1)
312040|United States, Custer Telephone Cooperative Inc. (us, +1)
310440|United States, Dobson Cellular Systems (us, +1)
310990|United States, E.N.M.R. Telephone Coop. (us, +1)
312130|United States, East Kentucky Network LLC (us, +1)
312120|United States, East Kentucky Network LLC (us, +1)
310750|United States, East Kentucky Network LLC (us, +1)
310090|United States, Edge Wireless LLC (us, +1)
310610|United States, Elkhart TelCo. / Epic Touch Co. (us, +1)
311210|United States,  (us, +1)
311311|United States, Farmers (us, +1)
311460|United States, Fisher Wireless Services Inc. (us, +1)
311370|United States, GCI Communication Corp. (us, +1)
310430|United States, GCI Communication Corp. (us, +1)
310920|United States, Get Mobile Inc. (us, +1)
310970|United States,  (us, +1)
311340|United States, Illinois Valley Cellular RSA 2 Partnership (us, +1)
311030|United States,  (us, +1)
312170|United States, Iowa RSA No. 2 Limited Partnership (us, +1)
311410|United States, Iowa RSA No. 2 Limited Partnership (us, +1)
310770|United States, Iowa Wireless Services LLC (us, +1)
310650|United States, Jasper (us, +1)
310870|United States, Kaplan Telephone Company Inc. (us, +1)
310690|United States, Keystone Wireless LLC (us, +1)
312180|United States, Keystone Wireless LLC (us, +1)
311310|United States, Lamar County Cellular (us, +1)
310016|United States, Leap Wireless International Inc. (us, +1)
311090|United States,  (us, +1)
310040|United States, Matanuska Tel. Assn. Inc. (us, +1)
310780|United States, Message Express Co. / Airlink PCS (us, +1)
311660|United States,  (us, +1)
311330|United States, Michigan Wireless LLC (us, +1)
311000|United States,  (us, +1)
310400|United States, Minnesota South. Wirel. Co. / Hickory (us, +1)
312220|United States, Missouri RSA No 5 Partnership (us, +1)
312010|United States, Missouri RSA No 5 Partnership (us, +1)
311920|United States, Missouri RSA No 5 Partnership (us, +1)
311020|United States, Missouri RSA No 5 Partnership (us, +1)
311010|United States, Missouri RSA No 5 Partnership (us, +1)
310350|United States, Mohave Cellular LP (us, +1)
310570|United States, MTPCS LLC (us, +1)
310290|United States, NEP Cellcorp Inc. (us, +1)
31034|United States, Nevada Wireless LLC (us, +1)
311380|United States,  (us, +1)
310600|United States, New-Cell Inc. (us, +1)
311100|United States,  (us, +1)
311300|United States, Nexus Communications Inc. (us, +1)
310130|United States, North Carolina RSA 3 Cellular Tel. Co. (us, +1)
312230|United States, North Dakota Network Company (us, +1)
311610|United States, North Dakota Network Company (us, +1)
310450|United States, Northeast Colorado Cellular Inc. (us, +1)
311710|United States, Northeast Wireless Networks LLC (us, +1)
310670|United States, Northstar (us, +1)
310011|United States, Northstar (us, +1)
311420|United States, Northwest Missouri Cellular Limited Partnership (us, +1)
310540|United States,  (us, +1)
310760|United States, Panhandle Telephone Cooperative Inc. (us, +1)
310580|United States, PCS ONE (us, +1)
311170|United States, PetroCom (us, +1)
311670|United States, Pine Belt Cellular, Inc. (us, +1)
311080|United States,  (us, +1)
310790|United States,  (us, +1)
310100|United States, Plateau Telecommunications Inc. (us, +1)
310940|United States, Poka Lambro Telco Ltd. (us, +1)
311730|United States,  (us, +1)
311540|United States,  (us, +1)
310500|United States, Public Service Cellular Inc. (us, +1)
312160|United States, RSA 1 Limited Partnership (us, +1)
311430|United States, RSA 1 Limited Partnership (us, +1)
311350|United States, Sagebrush Cellular Inc. (us, +1)
311910|United States,  (us, +1)
31046|United States, SIMMETRY (us, +1)
311260|United States, SLO Cellular Inc / Cellular One of San Luis (us, +1)
310320|United States, Smith Bagley Inc. (us, +1)
31015|United States, Unknown (us, +1)
316011|United States, Southern Communications Services Inc. (us, +1)
312530|United States, Sprint Spectrum (us, +1)
310120|United States, Sprint Spectrum (us, +1)
316010|United States, Sprint Spectrum (us, +1)
312190|United States, Sprint Spectrum (us, +1)
311880|United States, Sprint Spectrum (us, +1)
311870|United States, Sprint Spectrum (us, +1)
311490|United States, Sprint Spectrum (us, +1)
310160|United States, T-Mobile (us, +1)
310240|United States, T-Mobile (us, +1)
310660|United States, T-Mobile (us, +1)
310230|United States, T-Mobile (us, +1)
31031|United States, T-Mobile (us, +1)
310220|United States, T-Mobile (us, +1)
310270|United States, T-Mobile (us, +1)
310210|United States, T-Mobile (us, +1)
310260|United States, T-Mobile (us, +1)
310200|United States, T-Mobile (us, +1)
310250|United States, T-Mobile (us, +1)
310300|United States, T-Mobile (us, +1)
310280|United States, T-Mobile (us, +1)
310330|United States, T-Mobile (us, +1)
310800|United States, T-Mobile (us, +1)
310310|United States, T-Mobile (us, +1)
311740|United States,  (us, +1)
310740|United States, Telemetrix Inc. (us, +1)
31014|United States, Testing (us, +1)
310950|United States, Unknown (us, +1)
310860|United States, Texas RSA 15B2 Limited Partnership (us, +1)
311830|United States, Thumb Cellular Limited Partnership (us, +1)
311050|United States, Thumb Cellular Limited Partnership (us, +1)
310460|United States, TMP Corporation (us, +1)
310490|United States, Triton PCS (us, +1)
312290|United States, Uintah Basin Electronics Telecommunications Inc. (us, +1)
311860|United States, Uintah Basin Electronics Telecommunications Inc. (us, +1)
310960|United States, Uintah Basin Electronics Telecommunications Inc. (us, +1)
310020|United States, Union Telephone Co. (us, +1)
310730|United States, United States Cellular Corp. (us, +1)
311220|United States, United States Cellular Corp. (us, +1)
311650|United States, United Wireless Communications Inc. (us, +1)
31038|United States, USA 3650 AT&T (us, +1)
310520|United States, VeriSign (us, +1)
310003|United States, Unknown (us, +1)
31023|United States, Unknown (us, +1)
31024|United States, Unknown (us, +1)
31025|United States, Unknown (us, +1)
310530|United States, West Virginia Wireless (us, +1)
31026|United States, Unknown (us, +1)
310340|United States, Westlink Communications, LLC (us, +1)
311150|United States,  (us, +1)
311070|United States, Wisconsin RSA #7 Limited Partnership (us, +1)
310390|United States, Yorkville Telephone Cooperative (us, +1)
74801|Uruguay, Ancel/Antel (uy, +598)
74803|Uruguay, Ancel/Antel (uy, +598)
74810|Uruguay, Claro/AM Wireless (uy, +598)
74807|Uruguay, MOVISTAR (uy, +598)
43404|Uzbekistan, Bee Line/Unitel (uz, +998)
43401|Uzbekistan, Buztel (uz, +998)
43407|Uzbekistan, MTS/Uzdunrobita (uz, +998)
43405|Uzbekistan, Ucell/Coscom (uz, +998)
43402|Uzbekistan, Uzmacom (uz, +998)
54105|Vanuatu, DigiCel (vu, +678)
54101|Vanuatu, SMILE (vu, +678)
73403|Venezuela, DigiTel C.A. (ve, +58)
73402|Venezuela, DigiTel C.A. (ve, +58)
73401|Venezuela, DigiTel C.A. (ve, +58)
73406|Venezuela, Movilnet C.A. (ve, +58)
73404|Venezuela, Movistar/TelCel (ve, +58)
45207|Viet Nam, Beeline (vn, +84)
45201|Viet Nam, Mobifone (vn, +84)
45203|Viet Nam, S-Fone/Telecom (vn, +84)
45205|Viet Nam, VietnaMobile (vn, +84)
45204|Viet Nam, Viettel Mobile (vn, +84)
45208|Viet Nam, Viettel Mobile (vn, +84)
45206|Viet Nam, Viettel Mobile (vn, +84)
45202|Viet Nam, Vinaphone (vn, +84)
37650|Virgin Islands, U.S., Digicel (vi, +1340)
42104|Yemen, HITS/Y Unitel (ye, +967)
42102|Yemen, MTN/Spacetel (ye, +967)
42101|Yemen, Sabaphone (ye, +967)
42103|Yemen, Yemen Mob. CDMA (ye, +967)
64503|Zambia, Zamtel/Cell Z/MTS (zm, +260)
64502|Zambia, MTN/Telecel (zm, +260)
64501|Zambia, Airtel/Zain/Celtel (zm, +260)
64804|Zimbabwe, Econet (zw, +263)
64801|Zimbabwe, Net One (zw, +263)
64803|Zimbabwe, Telecel (zw, +263)
